{
  "tau": 0.03463231027126312,
  "AUC": 0.8567705780479048,
  "FPR": 0.09900990099009901,
  "TPR": 0.8547854785478548,
  "total_samples": 505,
  "positives": 303,
  "negatives": 202
}