{
  "tau": 0.031962618231773376,
  "AUC": 0.8687873737868836,
  "FPR": 0.06930693069306931,
  "TPR": 0.8646864686468647
}