{
  "tau": 0.05922417342662811,
  "AUC": 0.9006143188576283,
  "FPR": 0.0049504950495049506,
  "TPR": 0.8943894389438944
}