{
  "tau": 0.037797603756189346,
  "AUC": 0.8584452504656406,
  "FPR": 0.034653465346534656,
  "TPR": 0.8547854785478548
}