{
  "tau": 0.037797603756189346,
  "AUC": 0.8575956605561545,
  "FPR": 0.06930693069306931,
  "TPR": 0.8547854785478548
}