{
  "tau": 0.0377388596534729,
  "AUC": 0.8706172597457765,
  "FPR": 0.06930693069306931,
  "TPR": 0.8646864686468647
}