{
  "tau": 0.39779409766197205,
  "AUC": 0.9665841584158416,
  "FPR": 0.0,
  "TPR": 0.8712871287128713
}