{
  "tau": 0.33779579401016235,
  "AUC": 0.9696434990033657,
  "FPR": 0.11315417256011315,
  "TPR": 0.9372937293729373
}